kappa,epsilon,n_coeff,n_fock,eps_tr,n_t,resource
2,0.1,9,18,0.08775172960875224,229,2061
2,0.1,10,20,0.08611047191465174,233,2330
2,0.1,11,22,0.08589764390647694,248,2728
2,0.1,12,24,0.0769823930281447,207,2484
2,0.1,13,26,0.0609617763199947,169,2197
2,0.1,14,28,0.06068816403635495,178,2492
2,0.1,15,30,0.06061946503564262,188,2820
2,0.1,16,32,0.05428026353633501,183,2928
2,0.1,17,34,0.04572652776238882,175,2975
2,0.1,18,36,0.045718004388366755,183,3294
2,0.1,19,38,0.04569350289521865,191,3629
2,0.1,20,40,0.04100885809774849,190,3800
2,0.1,21,42,0.03615698488318037,189,3969
2,0.1,22,44,0.03612835798089797,196,4312
2,0.1,23,46,0.036118192159893446,203,4669
2,0.1,24,48,0.03255810773953213,204,4896
2,0.1,25,50,0.029707732271061615,206,5150
2,0.1,26,52,0.029597618618085374,211,5486
2,0.1,27,54,0.02959219841770842,217,5859
2,0.1,28,56,0.026828206459167024,219,6132
2,0.1,29,58,0.02511897524144634,222,6438
2,0.1,30,60,0.02493181497603445,228,6840
2,0.1,31,62,0.024927817912709815,233,7223
2,0.1,32,64,0.02274451910640047,236,7552
2,0.1,33,66,0.021708606432186812,239,7887
2,0.1,34,68,0.021465408667574966,244,8296
2,0.1,35,70,0.021461467355608763,250,8750
2,0.1,36,72,0.019711619404056923,252,9072
2,0.1,37,74,0.019082106630234373,256,9472
2,0.1,38,76,0.018804517600056986,261,9918
2,0.1,39,78,0.018799876226498664,266,10374
2,0.1,40,80,0.017379679530104834,269,10760
2,0.1,41,82,0.01699905176891313,273,11193
2,0.1,42,84,0.016704755689146804,278,11676
2,0.1,43,86,0.016698876435007507,283,12169
2,0.1,44,88,0.015533405202568575,285,12540
2,0.1,45,90,0.015306390250974213,290,13050
2,0.1,46,92,0.015008451145618624,294,13524
2,0.1,47,94,0.015000916317719609,299,14053
2,0.1,48,96,0.014035044336255314,302,14496
2,0.1,49,98,0.013902945868810336,306,14994
2,0.1,50,100,0.013610412731201355,310,15500
2,0.1,51,102,0.013600907678875295,315,16065
2,0.1,52,104,0.012793414061169062,318,16536
2,0.1,53,106,0.012719572531698739,322,17066
2,0.1,54,108,0.01243836343866784,326,17604
2,0.1,55,110,0.012426673471453516,331,18205
2,0.1,56,112,0.011746291473757817,334,18704
2,0.1,57,114,0.011707592075579185,338,19266
2,0.1,58,116,0.011441316146675798,342,19836
2,0.1,59,118,0.0114273202986677,347,20473
2,0.1,60,120,0.010850024314570824,350,21000
2,0.1,61,122,0.010831813915718557,354,21594
2,0.1,62,124,0.010582436888339998,358,22196
2,0.1,63,126,0.010566096793394382,362,22806
2,0.1,64,128,0.010073203712831205,366,23424
2,0.1,65,130,0.010066185899265561,370,24050
2,0.1,66,132,0.009834535754193862,373,24618
2,0.1,67,134,0.00981588167788435,378,25326
2,0.1,68,136,0.009392700913654564,381,25908
2,0.1,69,138,0.009391006360891912,385,26565
2,0.1,70,140,0.00917714409933518,389,27230
2,0.1,71,142,0.009156260332869544,393,27903
2,0.1,72,144,0.00879112058102366,396,28512
2,0.1,73,146,0.00879108993682883,400,29200
2,0.1,74,148,0.008594575485718837,404,29896
2,0.1,75,150,0.008571586603435379,408,30600
2,0.1,76,152,0.008255125367093776,411,31236
2,0.1,77,154,0.008254531686131137,415,31955
2,0.1,78,156,0.008074611561673276,419,32682
2,0.1,79,158,0.008049670339528395,423,33417
2,0.1,80,160,0.0077743092280089885,426,34080
2,0.1,81,162,0.007771855783723723,430,34830
2,0.1,82,164,0.007607593754120402,434,35588
2,0.1,83,166,0.007580871044324725,437,36271
2,0.1,84,168,0.007340424029297203,441,37044
2,0.1,85,170,0.007335417031494977,445,37825
2,0.1,86,172,0.007185783861508332,448,38528
2,0.1,87,174,0.007157460413484181,452,39324
2,0.1,88,176,0.0069468383196793545,455,40040
2,0.1,89,178,0.006938972087584821,459,40851
2,0.1,90,180,0.006802906200665764,463,41670
2,0.1,91,182,0.00677316625751177,466,42406
2,0.1,92,184,0.006588151650086184,470,43240
2,0.1,93,186,0.006577366873336915,473,43989
2,0.1,94,188,0.006453814498816745,477,44838
2,0.1,95,190,0.006422840929769646,481,45695
2,0.1,96,192,0.006259915018097244,484,46464
2,0.1,97,194,0.006246304969655885,488,47336
2,0.1,98,196,0.006134245915114695,491,48118
2,0.1,99,198,0.00610221662978918,495,49005
2,0.1,100,200,0.005958424977132701,498,49800
2,0.1,101,202,0.0059421734413857225,502,50702
2,0.1,102,204,0.005840636863186342,505,51510
2,0.1,103,206,0.005807722267388812,509,52427
2,0.1,104,208,0.005680569718138847,512,53248
2,0.1,105,210,0.00566191003518437,516,54180
2,0.1,106,212,0.005569983308564913,519,55014
2,0.1,107,214,0.005536344588721926,523,55961
2,0.1,108,216,0.005423712388490117,526,56808
2,0.1,109,218,0.0054029006301818654,529,57661
2,0.1,110,220,0.005319733511430965,533,58630
2,0.1,111,222,0.005285521566210011,536,59496
2,0.1,112,224,0.005185601481805298,540,60480
2,0.1,113,226,0.005162899118256877,543,61359
2,0.1,114,228,0.005087704744370867,547,62358
2,0.1,115,230,0.005053059613090866,550,63250
2,0.1,116,232,0.004964301180223089,553,64148
2,0.1,117,234,0.004939964129880175,557,65169
2,0.1,118,236,0.004872017941314935,560,66080
2,0.1,119,238,0.004837068606916295,564,67116
2,0.1,120,240,0.004758136594263923,567,68040
2,0.1,121,242,0.004732408564808146,570,68970
2,0.1,122,244,0.004671045910640946,574,70028
2,0.1,123,246,0.00463591037940519,577,70971
2,0.1,124,248,0.004565650262518644,580,71920
2,0.1,125,250,0.004538758965832867,584,73000
2,0.1,126,252,0.004483371919266955,587,73962
2,0.1,127,254,0.004448157500013195,590,74930
2,0.1,128,256,0.00438556725982137,594,76032
2,0.1,129,258,0.004357722538221258,597,77013
2,0.1,130,260,0.004307756286421817,600,78000
2,0.1,131,262,0.0042725600088216594,604,79124
2,0.1,132,264,0.004216766958102955,607,80124
2,0.1,133,266,0.004188160165981985,610,81130
2,0.1,134,268,0.004143109222209374,613,82142
2,0.1,135,270,0.004108018347580569,617,83295
2,0.1,136,272,0.004058259980637268,620,84320
2,0.1,137,274,0.004029064174417825,623,85351
2,0.1,138,276,0.00398846857847172,626,86388
2,0.1,139,278,0.003953561167408072,630,87570
2,0.1,140,280,0.003909169249024972,633,88620
2,0.1,141,282,0.0038795398809725384,636,89676
2,0.1,142,284,0.0038429814962467296,639,90738
2,0.1,143,286,0.003808327006174175,643,91949
2,0.1,144,288,0.0037687142842197825,646,93024
2,0.1,145,290,0.0037387901935641925,649,94105
2,0.1,146,292,0.0037058891685503802,652,95192
2,0.1,147,294,0.003671549061177553,656,96432
2,0.1,148,296,0.003636198116304895,659,97532
2,0.1,149,298,0.003606102678469124,662,98638
2,0.1,150,300,0.0035765141123682348,665,99750
2,0.1,151,302,0.0035425424563786693,668,100868
2,0.1,152,304,0.0035109963019757224,671,101992
2,0.1,153,306,0.0034808386431375562,675,103275
2,0.1,154,308,0.003454249475797148,678,104412
2,0.1,155,310,0.0034206935343071036,681,105555
2,0.1,156,312,0.003392547657319629,684,106704
2,0.1,157,314,0.003362423873537833,687,107859
2,0.1,158,316,0.003338550006705922,691,109178
2,0.1,159,318,0.0033054508022323063,694,110346
2,0.1,160,320,0.003280346396054553,697,111520
2,0.1,161,322,0.003250340738225304,700,112700
2,0.1,162,324,0.003228924386288246,703,113886
2,0.1,163,326,0.0031963172384350804,706,115078
2,0.1,164,328,0.0031739354267015987,709,116276
2,0.1,165,330,0.0031441214277268216,712,117480
2,0.1,166,332,0.0031249286903893966,716,118856
2,0.1,167,334,0.003092843723330028,719,120073
2,0.1,168,336,0.0030729006111191366,722,121296
2,0.1,169,338,0.003043342141974005,725,122525
2,0.1,170,340,0.0030261607878188323,728,123760
2,0.1,171,342,0.002994623406053732,731,125001
2,0.1,172,344,0.00297686582497537,734,126248
2,0.1,173,346,0.0029476180733194798,737,127501
2,0.1,174,348,0.0029322555211883164,740,128760
2,0.1,175,350,0.0029012868530974324,743,130025
2,0.1,176,352,0.0028854886906903537,747,131472
2,0.1,177,354,0.002856599060293682,750,132750
2,0.1,178,356,0.002842880544491705,753,134034
2,0.1,179,358,0.0028124978539577346,756,135324
2,0.1,180,360,0.0027984568770658743,759,136620
2,0.1,181,362,0.0027699658093275413,762,137922
2,0.1,182,364,0.002757732714425331,765,139230
2,0.1,183,366,0.0027279497813437973,768,140544
2,0.1,184,368,0.00271548487867985,771,141864
2,0.1,185,370,0.002687426599402681,774,143190
2,0.1,186,372,0.002676534950658747,777,144522
2,0.1,187,374,0.0026473624215234133,780,145860
2,0.1,188,376,0.0026363112032322033,783,147204
2,0.1,189,378,0.00260871439892841,786,148554
2,0.1,190,380,0.00259903349490713,789,149910
2,0.1,191,382,0.0025704792049044164,792,151272
2,0.1,192,384,0.002560695907209873,795,152640
2,0.1,193,386,0.002533584335797874,798,154014
2,0.1,194,388,0.002524995510493566,801,155394
2,0.1,195,390,0.002497064778688466,804,156780
2,0.1,196,392,0.002488418430114376,807,158172
2,0.1,197,394,0.002461811471096023,810,159570
2,0.1,198,396,0.002454206973709649,813,160974
2,0.1,199,398,0.0024269028729822944,816,162384
2,0.1,200,400,0.002419275685546289,819,163800
2,0.05,17,34,0.04572652776238882,624,10608
2,0.05,18,36,0.045718004388366755,651,11718
2,0.05,19,38,0.04569350289521865,675,12825
2,0.05,20,40,0.04100885809774849,486,9720
2,0.05,21,42,0.03615698488318037,406,8526
2,0.05,22,44,0.03612835798089797,420,9240
2,0.05,23,46,0.036118192159893446,434,9982
2,0.05,24,48,0.03255810773953213,400,9600
2,0.05,25,50,0.029707732271061615,382,9550
2,0.05,26,52,0.029597618618085374,392,10192
2,0.05,27,54,0.02959219841770842,403,10881
2,0.05,28,56,0.026828206459167024,389,10892
2,0.05,29,58,0.02511897524144634,385,11165
2,0.05,30,60,0.02493181497603445,394,11820
2,0.05,31,62,0.024927817912709815,404,12524
2,0.05,32,64,0.02274451910640047,396,12672
2,0.05,33,66,0.021708606432186812,398,13134
2,0.05,34,68,0.021465408667574966,405,13770
2,0.05,35,70,0.021461467355608763,414,14490
2,0.05,36,72,0.019711619404056923,410,14760
2,0.05,37,74,0.019082106630234373,415,15355
2,0.05,38,76,0.018804517600056986,421,15998
2,0.05,39,78,0.018799876226498664,429,16731
2,0.05,40,80,0.017379679530104834,428,17120
2,0.05,41,82,0.01699905176891313,433,17753
2,0.05,42,84,0.016704755689146804,439,18438
2,0.05,43,86,0.016698876435007507,447,19221
2,0.05,44,88,0.015533405202568575,447,19668
2,0.05,45,90,0.015306390250974213,453,20385
2,0.05,46,92,0.015008451145618624,458,21068
2,0.05,47,94,0.015000916317719609,465,21855
2,0.05,48,96,0.014035044336255314,466,22368
2,0.05,49,98,0.013902945868810336,473,23177
2,0.05,50,100,0.013610412731201355,478,23900
2,0.05,51,102,0.013600907678875295,485,24735
2,0.05,52,104,0.012793414061169062,487,25324
2,0.05,53,106,0.012719572531698739,493,26129
2,0.05,54,108,0.01243836343866784,498,26892
2,0.05,55,110,0.012426673471453516,505,27775
2,0.05,56,112,0.011746291473757817,507,28392
2,0.05,57,114,0.011707592075579185,514,29298
2,0.05,58,116,0.011441316146675798,519,30102
2,0.05,59,118,0.0114273202986677,525,30975
2,0.05,60,120,0.010850024314570824,528,31680
2,0.05,61,122,0.010831813915718557,534,32574
2,0.05,62,124,0.010582436888339998,539,33418
2,0.05,63,126,0.010566096793394382,545,34335
2,0.05,64,128,0.010073203712831205,548,35072
2,0.05,65,130,0.010066185899265561,555,36075
2,0.05,66,132,0.009834535754193862,559,36894
2,0.05,67,134,0.00981588167788435,565,37855
2,0.05,68,136,0.009392700913654564,569,38692
2,0.05,69,138,0.009391006360891912,575,39675
2,0.05,70,140,0.00917714409933518,580,40600
2,0.05,71,142,0.009156260332869544,586,41606
2,0.05,72,144,0.00879112058102366,589,42408
2,0.05,73,146,0.00879108993682883,595,43435
2,0.05,74,148,0.008594575485718837,600,44400
2,0.05,75,150,0.008571586603435379,606,45450
2,0.05,76,152,0.008255125367093776,609,46284
2,0.05,77,154,0.008254531686131137,615,47355
2,0.05,78,156,0.008074611561673276,620,48360
2,0.05,79,158,0.008049670339528395,626,49454
2,0.05,80,160,0.0077743092280089885,629,50320
2,0.05,81,162,0.007771855783723723,635,51435
2,0.05,82,164,0.007607593754120402,640,52480
2,0.05,83,166,0.007580871044324725,645,53535
2,0.05,84,168,0.007340424029297203,649,54516
2,0.05,85,170,0.007335417031494977,655,55675
2,0.05,86,172,0.007185783861508332,660,56760
2,0.05,87,174,0.007157460413484181,665,57855
2,0.05,88,176,0.0069468383196793545,669,58872
2,0.05,89,178,0.006938972087584821,675,60075
2,0.05,90,180,0.006802906200665764,679,61110
2,0.05,91,182,0.00677316625751177,685,62335
2,0.05,92,184,0.006588151650086184,689,63388
2,0.05,93,186,0.006577366873336915,694,64542
2,0.05,94,188,0.006453814498816745,699,65706
2,0.05,95,190,0.006422840929769646,704,66880
2,0.05,96,192,0.006259915018097244,708,67968
2,0.05,97,194,0.006246304969655885,714,69258
2,0.05,98,196,0.006134245915114695,718,70364
2,0.05,99,198,0.00610221662978918,723,71577
2,0.05,100,200,0.005958424977132701,728,72800
2,0.05,101,202,0.0059421734413857225,733,74033
2,0.05,102,204,0.005840636863186342,737,75174
2,0.05,103,206,0.005807722267388812,743,76529
2,0.05,104,208,0.005680569718138847,747,77688
2,0.05,105,210,0.00566191003518437,752,78960
2,0.05,106,212,0.005569983308564913,757,80242
2,0.05,107,214,0.005536344588721926,762,81534
2,0.05,108,216,0.005423712388490117,766,82728
2,0.05,109,218,0.0054029006301818654,771,84039
2,0.05,110,220,0.005319733511430965,775,85250
2,0.05,111,222,0.005285521566210011,780,86580
2,0.05,112,224,0.005185601481805298,785,87920
2,0.05,113,226,0.005162899118256877,790,89270
2,0.05,114,228,0.005087704744370867,794,90516
2,0.05,115,230,0.005053059613090866,799,91885
2,0.05,116,232,0.004964301180223089,804,93264
2,0.05,117,234,0.004939964129880175,808,94536
2,0.05,118,236,0.004872017941314935,813,95934
2,0.05,119,238,0.004837068606916295,818,97342
2,0.05,120,240,0.004758136594263923,822,98640
2,0.05,121,242,0.004732408564808146,827,100067
2,0.05,122,244,0.004671045910640946,832,101504
2,0.05,123,246,0.00463591037940519,836,102828
2,0.05,124,248,0.004565650262518644,841,104284
2,0.05,125,250,0.004538758965832867,846,105750
2,0.05,126,252,0.004483371919266955,850,107100
2,0.05,127,254,0.004448157500013195,855,108585
2,0.05,128,256,0.00438556725982137,859,109952
2,0.05,129,258,0.004357722538221258,864,111456
2,0.05,130,260,0.004307756286421817,868,112840
2,0.05,131,262,0.0042725600088216594,873,114363
2,0.05,132,264,0.004216766958102955,877,115764
2,0.05,133,266,0.004188160165981985,882,117306
2,0.05,134,268,0.004143109222209374,887,118858
2,0.05,135,270,0.004108018347580569,891,120285
2,0.05,136,272,0.004058259980637268,896,121856
2,0.05,137,274,0.004029064174417825,900,123300
2,0.05,138,276,0.00398846857847172,905,124890
2,0.05,139,278,0.003953561167408072,909,126351
2,0.05,140,280,0.003909169249024972,914,127960
2,0.05,141,282,0.0038795398809725384,918,129438
2,0.05,142,284,0.0038429814962467296,923,131066
2,0.05,143,286,0.003808327006174175,927,132561
2,0.05,144,288,0.0037687142842197825,932,134208
2,0.05,145,290,0.0037387901935641925,936,135720
2,0.05,146,292,0.0037058891685503802,941,137386
2,0.05,147,294,0.003671549061177553,945,138915
2,0.05,148,296,0.003636198116304895,949,140452
2,0.05,149,298,0.003606102678469124,954,142146
2,0.05,150,300,0.0035765141123682348,958,143700
2,0.05,151,302,0.0035425424563786693,963,145413
2,0.05,152,304,0.0035109963019757224,967,146984
2,0.05,153,306,0.0034808386431375562,972,148716
2,0.05,154,308,0.003454249475797148,976,150304
2,0.05,155,310,0.0034206935343071036,980,151900
2,0.05,156,312,0.003392547657319629,985,153660
2,0.05,157,314,0.003362423873537833,989,155273
2,0.05,158,316,0.003338550006705922,994,157052
2,0.05,159,318,0.0033054508022323063,998,158682
2,0.05,160,320,0.003280346396054553,1002,160320
2,0.05,161,322,0.003250340738225304,1007,162127
2,0.05,162,324,0.003228924386288246,1011,163782
2,0.05,163,326,0.0031963172384350804,1015,165445
2,0.05,164,328,0.0031739354267015987,1020,167280
2,0.05,165,330,0.0031441214277268216,1024,168960
2,0.05,166,332,0.0031249286903893966,1029,170814
2,0.05,167,334,0.003092843723330028,1033,172511
2,0.05,168,336,0.0030729006111191366,1037,174216
2,0.05,169,338,0.003043342141974005,1041,175929
2,0.05,170,340,0.0030261607878188323,1046,177820
2,0.05,171,342,0.002994623406053732,1050,179550
2,0.05,172,344,0.00297686582497537,1054,181288
2,0.05,173,346,0.0029476180733194798,1059,183207
2,0.05,174,348,0.0029322555211883164,1063,184962
2,0.05,175,350,0.0029012868530974324,1067,186725
2,0.05,176,352,0.0028854886906903537,1072,188672
2,0.05,177,354,0.002856599060293682,1076,190452
2,0.05,178,356,0.002842880544491705,1080,192240
2,0.05,179,358,0.0028124978539577346,1084,194036
2,0.05,180,360,0.0027984568770658743,1089,196020
2,0.05,181,362,0.0027699658093275413,1093,197833
2,0.05,182,364,0.002757732714425331,1097,199654
2,0.05,183,366,0.0027279497813437973,1101,201483
2,0.05,184,368,0.00271548487867985,1106,203504
2,0.05,185,370,0.002687426599402681,1110,205350
2,0.05,186,372,0.002676534950658747,1114,207204
2,0.05,187,374,0.0026473624215234133,1118,209066
2,0.05,188,376,0.0026363112032322033,1123,211124
2,0.05,189,378,0.00260871439892841,1127,213003
2,0.05,190,380,0.00259903349490713,1131,214890
2,0.05,191,382,0.0025704792049044164,1135,216785
2,0.05,192,384,0.002560695907209873,1139,218688
2,0.05,193,386,0.002533584335797874,1144,220792
2,0.05,194,388,0.002524995510493566,1148,222712
2,0.05,195,390,0.002497064778688466,1152,224640
2,0.05,196,392,0.002488418430114376,1156,226576
2,0.05,197,394,0.002461811471096023,1160,228520
2,0.05,198,396,0.002454206973709649,1165,230670
2,0.05,199,398,0.0024269028729822944,1169,232631
2,0.05,200,400,0.002419275685546289,1173,234600
2,0.03,25,50,0.029707732271061615,3180,79500
2,0.03,26,52,0.029597618618085374,2791,72566
2,0.03,27,54,0.02959219841770842,2851,76977
2,0.03,28,56,0.026828206459167024,1051,29428
2,0.03,29,58,0.02511897524144634,870,25230
2,0.03,30,60,0.02493181497603445,875,26250
2,0.03,31,62,0.024927817912709815,896,27776
2,0.03,32,64,0.02274451910640047,768,24576
2,0.03,33,66,0.021708606432186812,735,24255
2,0.03,34,68,0.021465408667574966,740,25160
2,0.03,35,70,0.021461467355608763,756,26460
2,0.03,36,72,0.019711619404056923,704,25344
2,0.03,37,74,0.019082106630234373,697,25789
2,0.03,38,76,0.018804517600056986,702,26676
2,0.03,39,78,0.018799876226498664,716,27924
2,0.03,40,80,0.017379679530104834,687,27480
2,0.03,41,82,0.01699905176891313,690,28290
2,0.03,42,84,0.016704755689146804,694,29148
2,0.03,43,86,0.016698876435007507,706,30358
2,0.03,44,88,0.015533405202568575,689,30316
2,0.03,45,90,0.015306390250974213,695,31275
2,0.03,46,92,0.015008451145618624,700,32200
2,0.03,47,94,0.015000916317719609,711,33417
2,0.03,48,96,0.014035044336255314,700,33600
2,0.03,49,98,0.013902945868810336,708,34692
2,0.03,50,100,0.013610412731201355,712,35600
2,0.03,51,102,0.013600907678875295,722,36822
2,0.03,52,104,0.012793414061169062,715,37180
2,0.03,53,106,0.012719572531698739,724,38372
2,0.03,54,108,0.01243836343866784,728,39312
2,0.03,55,110,0.012426673471453516,738,40590
2,0.03,56,112,0.011746291473757817,734,41104
2,0.03,57,114,0.011707592075579185,743,42351
2,0.03,58,116,0.011441316146675798,747,43326
2,0.03,59,118,0.0114273202986677,757,44663
2,0.03,60,120,0.010850024314570824,754,45240
2,0.03,61,122,0.010831813915718557,763,46543
2,0.03,62,124,0.010582436888339998,768,47616
2,0.03,63,126,0.010566096793394382,777,48951
2,0.03,64,128,0.010073203712831205,776,49664
2,0.03,65,130,0.010066185899265561,785,51025
2,0.03,66,132,0.009834535754193862,789,52074
2,0.03,67,134,0.00981588167788435,798,53466
2,0.03,68,136,0.009392700913654564,798,54264
2,0.03,69,138,0.009391006360891912,807,55683
2,0.03,70,140,0.00917714409933518,811,56770
2,0.03,71,142,0.009156260332869544,820,58220
2,0.03,72,144,0.00879112058102366,821,59112
2,0.03,73,146,0.00879108993682883,829,60517
2,0.03,74,148,0.008594575485718837,834,61716
2,0.03,75,150,0.008571586603435379,842,63150
2,0.03,76,152,0.008255125367093776,844,64144
2,0.03,77,154,0.008254531686131137,852,65604
2,0.03,78,156,0.008074611561673276,857,66846
2,0.03,79,158,0.008049670339528395,865,68335
2,0.03,80,160,0.0077743092280089885,867,69360
2,0.03,81,162,0.007771855783723723,875,70875
2,0.03,82,164,0.007607593754120402,880,72160
2,0.03,83,166,0.007580871044324725,888,73704
2,0.03,84,168,0.007340424029297203,891,74844
2,0.03,85,170,0.007335417031494977,899,76415
2,0.03,86,172,0.007185783861508332,903,77658
2,0.03,87,174,0.007157460413484181,911,79257
2,0.03,88,176,0.0069468383196793545,914,80432
2,0.03,89,178,0.006938972087584821,922,82058
2,0.03,90,180,0.006802906200665764,927,83430
2,0.03,91,182,0.00677316625751177,934,84994
2,0.03,92,184,0.006588151650086184,938,86296
2,0.03,93,186,0.006577366873336915,945,87885
2,0.03,94,188,0.006453814498816745,950,89300
2,0.03,95,190,0.006422840929769646,957,90915
2,0.03,96,192,0.006259915018097244,961,92256
2,0.03,97,194,0.006246304969655885,968,93896
2,0.03,98,196,0.006134245915114695,973,95354
2,0.03,99,198,0.00610221662978918,980,97020
2,0.03,100,200,0.005958424977132701,985,98500
2,0.03,101,202,0.0059421734413857225,992,100192
2,0.03,102,204,0.005840636863186342,997,101694
2,0.03,103,206,0.005807722267388812,1003,103309
2,0.03,104,208,0.005680569718138847,1008,104832
2,0.03,105,210,0.00566191003518437,1015,106575
2,0.03,106,212,0.005569983308564913,1020,108120
2,0.03,107,214,0.005536344588721926,1026,109782
2,0.03,108,216,0.005423712388490117,1031,111348
2,0.03,109,218,0.0054029006301818654,1038,113142
2,0.03,110,220,0.005319733511430965,1043,114730
2,0.03,111,222,0.005285521566210011,1050,116550
2,0.03,112,224,0.005185601481805298,1054,118048
2,0.03,113,226,0.005162899118256877,1061,119893
2,0.03,114,228,0.005087704744370867,1066,121524
2,0.03,115,230,0.005053059613090866,1073,123395
2,0.03,116,232,0.004964301180223089,1078,125048
2,0.03,117,234,0.004939964129880175,1084,126828
2,0.03,118,236,0.004872017941314935,1089,128502
2,0.03,119,238,0.004837068606916295,1095,130305
2,0.03,120,240,0.004758136594263923,1101,132120
2,0.03,121,242,0.004732408564808146,1107,133947
2,0.03,122,244,0.004671045910640946,1112,135664
2,0.03,123,246,0.00463591037940519,1118,137514
2,0.03,124,248,0.004565650262518644,1123,139252
2,0.03,125,250,0.004538758965832867,1130,141250
2,0.03,126,252,0.004483371919266955,1135,143010
2,0.03,127,254,0.004448157500013195,1141,144907
2,0.03,128,256,0.00438556725982137,1146,146688
2,0.03,129,258,0.004357722538221258,1152,148608
2,0.03,130,260,0.004307756286421817,1158,150540
2,0.03,131,262,0.0042725600088216594,1164,152484
2,0.03,132,264,0.004216766958102955,1169,154308
2,0.03,133,266,0.004188160165981985,1175,156275
2,0.03,134,268,0.004143109222209374,1181,158254
2,0.03,135,270,0.004108018347580569,1186,160110
2,0.03,136,272,0.004058259980637268,1192,162112
2,0.03,137,274,0.004029064174417825,1198,164126
2,0.03,138,276,0.00398846857847172,1203,166014
2,0.03,139,278,0.003953561167408072,1209,168051
2,0.03,140,280,0.003909169249024972,1214,169960
2,0.03,141,282,0.0038795398809725384,1220,172020
2,0.03,142,284,0.0038429814962467296,1226,174092
2,0.03,143,286,0.003808327006174175,1231,176033
2,0.03,144,288,0.0037687142842197825,1237,178128
2,0.03,145,290,0.0037387901935641925,1242,180090
2,0.03,146,292,0.0037058891685503802,1248,182208
2,0.03,147,294,0.003671549061177553,1253,184191
2,0.03,148,296,0.003636198116304895,1259,186332
2,0.03,149,298,0.003606102678469124,1265,188485
2,0.03,150,300,0.0035765141123682348,1270,190500
2,0.03,151,302,0.0035425424563786693,1276,192676
2,0.03,152,304,0.0035109963019757224,1281,194712
2,0.03,153,306,0.0034808386431375562,1287,196911
2,0.03,154,308,0.003454249475797148,1292,198968
2,0.03,155,310,0.0034206935343071036,1298,201190
2,0.03,156,312,0.003392547657319629,1303,203268
2,0.03,157,314,0.003362423873537833,1309,205513
2,0.03,158,316,0.003338550006705922,1314,207612
2,0.03,159,318,0.0033054508022323063,1320,209880
2,0.03,160,320,0.003280346396054553,1325,212000
2,0.03,161,322,0.003250340738225304,1331,214291
2,0.03,162,324,0.003228924386288246,1336,216432
2,0.03,163,326,0.0031963172384350804,1342,218746
2,0.03,164,328,0.0031739354267015987,1347,220908
2,0.03,165,330,0.0031441214277268216,1353,223245
2,0.03,166,332,0.0031249286903893966,1358,225428
2,0.03,167,334,0.003092843723330028,1363,227621
2,0.03,168,336,0.0030729006111191366,1369,229992
2,0.03,169,338,0.003043342141974005,1374,232206
2,0.03,170,340,0.0030261607878188323,1380,234600
2,0.03,171,342,0.002994623406053732,1385,236835
2,0.03,172,344,0.00297686582497537,1391,239252
2,0.03,173,346,0.0029476180733194798,1396,241508
2,0.03,174,348,0.0029322555211883164,1402,243948
2,0.03,175,350,0.0029012868530974324,1407,246225
2,0.03,176,352,0.0028854886906903537,1412,248512
2,0.03,177,354,0.002856599060293682,1418,250986
2,0.03,178,356,0.002842880544491705,1423,253294
2,0.03,179,358,0.0028124978539577346,1428,255612
2,0.03,180,360,0.0027984568770658743,1434,258120
2,0.03,181,362,0.0027699658093275413,1439,260459
2,0.03,182,364,0.002757732714425331,1445,262990
2,0.03,183,366,0.0027279497813437973,1450,265350
2,0.03,184,368,0.00271548487867985,1455,267720
2,0.03,185,370,0.002687426599402681,1461,270285
2,0.03,186,372,0.002676534950658747,1466,272676
2,0.03,187,374,0.0026473624215234133,1471,275077
2,0.03,188,376,0.0026363112032322033,1477,277676
2,0.03,189,378,0.00260871439892841,1482,280098
2,0.03,190,380,0.00259903349490713,1487,282530
2,0.03,191,382,0.0025704792049044164,1492,284972
2,0.03,192,384,0.002560695907209873,1498,287616
2,0.03,193,386,0.002533584335797874,1503,290079
2,0.03,194,388,0.002524995510493566,1509,292746
2,0.03,195,390,0.002497064778688466,1514,295230
2,0.03,196,392,0.002488418430114376,1519,297724
2,0.03,197,394,0.002461811471096023,1524,300228
2,0.03,198,396,0.002454206973709649,1530,302940
2,0.03,199,398,0.0024269028729822944,1535,305465
2,0.03,200,400,0.002419275685546289,1540,308000
2,0.01,66,132,0.009834535754193862,8707,574662
2,0.01,67,134,0.00981588167788435,8347,559249
2,0.01,68,136,0.009392700913654564,4647,315996
2,0.01,69,138,0.009391006360891912,4691,323679
2,0.01,70,140,0.00917714409933518,4079,285530
2,0.01,71,142,0.009156260332869544,4071,289041
2,0.01,72,144,0.00879112058102366,3437,247464
2,0.01,73,146,0.00879108993682883,3473,253529
2,0.01,74,148,0.008594575485718837,3253,240722
2,0.01,75,150,0.008571586603435379,3260,244500
2,0.01,76,152,0.008255125367093776,2978,226328
2,0.01,77,154,0.008254531686131137,3007,231539
2,0.01,78,156,0.008074611561673276,2891,225498
2,0.01,79,158,0.008049670339528395,2900,229100
2,0.01,80,160,0.0077743092280089885,2740,219200
2,0.01,81,162,0.007771855783723723,2764,223884
2,0.01,82,164,0.007607593754120402,2692,220744
2,0.01,83,166,0.007580871044324725,2701,224183
2,0.01,84,168,0.007340424029297203,2599,218316
2,0.01,85,170,0.007335417031494977,2620,222700
2,0.01,86,172,0.007185783861508332,2571,221106
2,0.01,87,174,0.007157460413484181,2581,224547
2,0.01,88,176,0.0069468383196793545,2511,220968
2,0.01,89,178,0.006938972087584821,2529,225081
2,0.01,90,180,0.006802906200665764,2496,224640
2,0.01,91,182,0.00677316625751177,2505,227955
2,0.01,92,184,0.006588151650086184,2456,225952
2,0.01,93,186,0.006577366873336915,2472,229896
2,0.01,94,188,0.006453814498816745,2447,230018
2,0.01,95,190,0.006422840929769646,2456,233320
2,0.01,96,192,0.006259915018097244,2421,232416
2,0.01,97,194,0.006246304969655885,2435,236195
2,0.01,98,196,0.006134245915114695,2418,236964
2,0.01,99,198,0.00610221662978918,2426,240174
2,0.01,100,200,0.005958424977132701,2401,240100
2,0.01,101,202,0.0059421734413857225,2414,243814
2,0.01,102,204,0.005840636863186342,2402,245004
2,0.01,103,206,0.005807722267388812,2410,248230
2,0.01,104,208,0.005680569718138847,2391,248664
2,0.01,105,210,0.00566191003518437,2403,252315
2,0.01,106,212,0.005569983308564913,2395,253870
2,0.01,107,214,0.005536344588721926,2402,257014
2,0.01,108,216,0.005423712388490117,2389,258012
2,0.01,109,218,0.0054029006301818654,2400,261600
2,0.01,110,220,0.005319733511430965,2395,263450
2,0.01,111,222,0.005285521566210011,2402,266622
2,0.01,112,224,0.005185601481805298,2393,268016
2,0.01,113,226,0.005162899118256877,2403,271539
2,0.01,114,228,0.005087704744370867,2401,273714
2,0.01,115,230,0.005053059613090866,2408,276920
2,0.01,116,232,0.004964301180223089,2402,278632
2,0.01,117,234,0.004939964129880175,2412,282204
2,0.01,118,236,0.004872017941314935,2411,284498
2,0.01,119,238,0.004837068606916295,2418,287742
2,0.01,120,240,0.004758136594263923,2415,289800
2,0.01,121,242,0.004732408564808146,2424,293304
2,0.01,122,244,0.004671045910640946,2424,295728
2,0.01,123,246,0.00463591037940519,2431,299013
2,0.01,124,248,0.004565650262518644,2430,301320
2,0.01,125,250,0.004538758965832867,2439,304875
2,0.01,126,252,0.004483371919266955,2441,307566
2,0.01,127,254,0.004448157500013195,2447,310769
2,0.01,128,256,0.00438556725982137,2448,313344
2,0.01,129,258,0.004357722538221258,2456,316824
2,0.01,130,260,0.004307756286421817,2459,319670
2,0.01,131,262,0.0042725600088216594,2466,323046
2,0.01,132,264,0.004216766958102955,2468,325776
2,0.01,133,266,0.004188160165981985,2476,329308
2,0.01,134,268,0.004143109222209374,2480,332320
2,0.01,135,270,0.004108018347580569,2486,335610
2,0.01,136,272,0.004058259980637268,2489,338504
2,0.01,137,274,0.004029064174417825,2497,342089
2,0.01,138,276,0.00398846857847172,2502,345276
2,0.01,139,278,0.003953561167408072,2508,348612
2,0.01,140,280,0.003909169249024972,2512,351680
2,0.01,141,282,0.0038795398809725384,2520,355320
2,0.01,142,284,0.0038429814962467296,2525,358550
2,0.01,143,286,0.003808327006174175,2532,362076
2,0.01,144,288,0.0037687142842197825,2537,365328
2,0.01,145,290,0.0037387901935641925,2544,368880
2,0.01,146,292,0.0037058891685503802,2550,372300
2,0.01,147,294,0.003671549061177553,2556,375732
2,0.01,148,296,0.003636198116304895,2562,379176
2,0.01,149,298,0.003606102678469124,2569,382781
2,0.01,150,300,0.0035765141123682348,2576,386400
2,0.01,151,302,0.0035425424563786693,2582,389882
2,0.01,152,304,0.0035109963019757224,2588,393376
2,0.01,153,306,0.0034808386431375562,2595,397035
2,0.01,154,308,0.003454249475797148,2602,400708
2,0.01,155,310,0.0034206935343071036,2608,404240
2,0.01,156,312,0.003392547657319629,2615,407940
2,0.01,157,314,0.003362423873537833,2621,411497
2,0.01,158,316,0.003338550006705922,2629,415382
2,0.01,159,318,0.0033054508022323063,2635,418965
2,0.01,160,320,0.003280346396054553,2642,422720
2,0.01,161,322,0.003250340738225304,2649,426489
2,0.01,162,324,0.003228924386288246,2657,430434
2,0.01,163,326,0.0031963172384350804,2662,433906
2,0.01,164,328,0.0031739354267015987,2670,437880
2,0.01,165,330,0.0031441214277268216,2676,441540
2,0.01,166,332,0.0031249286903893966,2685,445710
2,0.01,167,334,0.003092843723330028,2691,449397
2,0.01,168,336,0.0030729006111191366,2699,453432
2,0.01,169,338,0.003043342141974005,2705,457145
2,0.01,170,340,0.0030261607878188323,2713,461210
2,0.01,171,342,0.002994623406053732,2719,464949
2,0.01,172,344,0.00297686582497537,2728,469216
2,0.01,173,346,0.0029476180733194798,2734,472982
2,0.01,174,348,0.0029322555211883164,2742,477108
2,0.01,175,350,0.0029012868530974324,2748,480900
2,0.01,176,352,0.0028854886906903537,2757,485232
2,0.01,177,354,0.002856599060293682,2763,489051
2,0.01,178,356,0.002842880544491705,2772,493416
2,0.01,179,358,0.0028124978539577346,2778,497262
2,0.01,180,360,0.0027984568770658743,2786,501480
2,0.01,181,362,0.0027699658093275413,2792,505352
2,0.01,182,364,0.002757732714425331,2801,509782
2,0.01,183,366,0.0027279497813437973,2807,513681
2,0.01,184,368,0.00271548487867985,2816,518144
2,0.01,185,370,0.002687426599402681,2822,522070
2,0.01,186,372,0.002676534950658747,2831,526566
2,0.01,187,374,0.0026473624215234133,2837,530519
2,0.01,188,376,0.0026363112032322033,2846,535048
2,0.01,189,378,0.00260871439892841,2852,539028
2,0.01,190,380,0.00259903349490713,2862,543780
2,0.01,191,382,0.0025704792049044164,2867,547597
2,0.01,192,384,0.002560695907209873,2877,552384
2,0.01,193,386,0.002533584335797874,2882,556226
2,0.01,194,388,0.002524995510493566,2892,561048
2,0.01,195,390,0.002497064778688466,2898,565110
2,0.01,196,392,0.002488418430114376,2907,569772
2,0.01,197,394,0.002461811471096023,2913,573861
2,0.01,198,396,0.002454206973709649,2922,578556
2,0.01,199,398,0.0024269028729822944,2928,582672
2,0.01,200,400,0.002419275685546289,2938,587600
2,0.005,116,232,0.004964301180223089,28523,3308668
2,0.005,117,234,0.004939964129880175,22136,2589912
2,0.005,118,236,0.004872017941314935,15258,1800444
2,0.005,119,238,0.004837068606916295,13608,1619352
2,0.005,120,240,0.004758136594263923,11239,1348680
2,0.005,121,242,0.004732408564808146,10751,1300871
2,0.005,122,244,0.004671045910640946,9756,1190232
2,0.005,123,246,0.00463591037940519,9330,1147590
2,0.005,124,248,0.004565650262518644,8594,1065656
2,0.005,125,250,0.004538758965832867,8390,1048750
2,0.005,126,252,0.004483371919266955,7974,1004724
2,0.005,127,254,0.004448157500013195,7761,985647
2,0.005,128,256,0.00438556725982137,7399,947072
2,0.005,129,258,0.004357722538221258,7279,938991
2,0.005,130,260,0.004307756286421817,7051,916630
2,0.005,131,262,0.0042725600088216594,6918,906258
2,0.005,132,264,0.004216766958102955,6705,885060
2,0.005,133,266,0.004188160165981985,6623,880859
2,0.005,134,268,0.004143109222209374,6483,868722
2,0.005,135,270,0.004108018347580569,6389,862515
2,0.005,136,272,0.004058259980637268,6252,850272
2,0.005,137,274,0.004029064174417825,6191,848167
2,0.005,138,276,0.00398846857847172,6099,841662
2,0.005,139,278,0.003953561167408072,6028,837892
2,0.005,140,280,0.003909169249024972,5936,831040
2,0.005,141,282,0.0038795398809725384,5888,830208
2,0.005,142,284,0.0038429814962467296,5825,827150
2,0.005,143,286,0.003808327006174175,5770,825110
2,0.005,144,288,0.0037687142842197825,5706,821664
2,0.005,145,290,0.0037387901935641925,5667,821715
2,0.005,146,292,0.0037058891685503802,5623,820958
2,0.005,147,294,0.003671549061177553,5578,819966
2,0.005,148,296,0.003636198116304895,5533,818884
2,0.005,149,298,0.003606102678469124,5501,819649
2,0.005,150,300,0.0035765141123682348,5471,820650
2,0.005,151,302,0.0035425424563786693,5433,820383
2,0.005,152,304,0.0035109963019757224,5402,821104
2,0.005,153,306,0.0034808386431375562,5374,822222
2,0.005,154,308,0.003454249475797148,5354,824516
2,0.005,155,310,0.0034206935343071036,5322,824910
2,0.005,156,312,0.003392547657319629,5301,826956
2,0.005,157,314,0.003362423873537833,5277,828489
2,0.005,158,316,0.003338550006705922,5264,831712
2,0.005,159,318,0.0033054508022323063,5236,832524
2,0.005,160,320,0.003280346396054553,5222,835520
2,0.005,161,322,0.003250340738225304,5202,837522
2,0.005,162,324,0.003228924386288246,5194,841428
2,0.005,163,326,0.0031963172384350804,5170,842710
2,0.005,164,328,0.0031739354267015987,5162,846568
2,0.005,165,330,0.0031441214277268216,5144,848760
2,0.005,166,332,0.0031249286903893966,5140,853240
2,0.005,167,334,0.003092843723330028,5120,855040
2,0.005,168,336,0.0030729006111191366,5116,859488
2,0.005,169,338,0.003043342141974005,5100,861900
2,0.005,170,340,0.0030261607878188323,5100,867000
2,0.005,171,342,0.002994623406053732,5082,869022
2,0.005,172,344,0.00297686582497537,5081,873932
2,0.005,173,346,0.0029476180733194798,5067,876591
2,0.005,174,348,0.0029322555211883164,5070,882180
2,0.005,175,350,0.0029012868530974324,5054,884450
2,0.005,176,352,0.0028854886906903537,5056,889856
2,0.005,177,354,0.002856599060293682,5043,892611
2,0.005,178,356,0.002842880544491705,5049,898722
2,0.005,179,358,0.0028124978539577346,5034,901086
2,0.005,180,360,0.0027984568770658743,5039,907020
2,0.005,181,362,0.0027699658093275413,5028,910068
2,0.005,182,364,0.002757732714425331,5034,916188
2,0.005,183,366,0.0027279497813437973,5022,919026
2,0.005,184,368,0.00271548487867985,5028,925152
2,0.005,185,370,0.002687426599402681,5018,928330
2,0.005,186,372,0.002676534950658747,5026,934836
2,0.005,187,374,0.0026473624215234133,5015,937805
2,0.005,188,376,0.0026363112032322033,5023,944324
2,0.005,189,378,0.00260871439892841,5014,947646
2,0.005,190,380,0.00259903349490713,5024,954560
2,0.005,191,382,0.0025704792049044164,5014,957674
2,0.005,192,384,0.002560695907209873,5023,964416
2,0.005,193,386,0.002533584335797874,5015,967895
2,0.005,194,388,0.002524995510493566,5025,974850
2,0.005,195,390,0.002497064778688466,5017,978315
2,0.005,196,392,0.002488418430114376,5027,985292
2,0.005,197,394,0.002461811471096023,5020,988940
2,0.005,198,396,0.002454206973709649,5031,996138
2,0.005,199,398,0.0024269028729822944,5023,999577
2,0.005,200,400,0.002419275685546289,5034,1006800
4/3,0.1,9,12,0.08775172960875224,168,1512
4/3,0.1,10,14,0.08611047191465174,178,1780
4/3,0.1,11,15,0.08589764390647694,186,2046
4/3,0.1,12,16,0.0769823930281447,153,1836
4/3,0.1,13,18,0.0609617763199947,128,1664
4/3,0.1,14,19,0.06068816403635495,133,1862
4/3,0.1,15,20,0.06061946503564262,138,2070
4/3,0.1,16,22,0.05428026353633501,138,2208
4/3,0.1,17,23,0.04572652776238882,131,2227
4/3,0.1,18,24,0.045718004388366755,135,2430
4/3,0.1,19,26,0.04569350289521865,144,2736
4/3,0.1,20,27,0.04100885809774849,142,2840
4/3,0.1,21,28,0.03615698488318037,140,2940
4/3,0.1,22,30,0.03612835798089797,147,3234
4/3,0.1,23,31,0.036118192159893446,151,3473
4/3,0.1,24,32,0.03255810773953213,150,3600
4/3,0.1,25,34,0.029707732271061615,154,3850
4/3,0.1,26,35,0.029597618618085374,157,4082
4/3,0.1,27,36,0.02959219841770842,161,4347
4/3,0.1,28,38,0.026828206459167024,164,4592
4/3,0.1,29,39,0.02511897524144634,166,4814
4/3,0.1,30,40,0.02493181497603445,168,5040
4/3,0.1,31,42,0.024927817912709815,175,5425
4/3,0.1,32,43,0.02274451910640047,175,5600
4/3,0.1,33,44,0.021708606432186812,177,5841
4/3,0.1,34,46,0.021465408667574966,183,6222
4/3,0.1,35,47,0.021461467355608763,186,6510
4/3,0.1,36,48,0.019711619404056923,187,6732
4/3,0.1,37,50,0.019082106630234373,192,7104
4/3,0.1,38,51,0.018804517600056986,194,7372
4/3,0.1,39,52,0.018799876226498664,197,7683
4/3,0.1,40,54,0.017379679530104834,201,8040
4/3,0.1,41,55,0.01699905176891313,203,8323
4/3,0.1,42,56,0.016704755689146804,205,8610
4/3,0.1,43,58,0.016698876435007507,211,9073
4/3,0.1,44,59,0.015533405202568575,212,9328
4/3,0.1,45,60,0.015306390250974213,214,9630
4/3,0.1,46,62,0.015008451145618624,219,10074
4/3,0.1,47,63,0.015000916317719609,222,10434
4/3,0.1,48,64,0.014035044336255314,223,10704
4/3,0.1,49,66,0.013902945868810336,228,11172
4/3,0.1,50,67,0.013610412731201355,231,11550
4/3,0.1,51,68,0.013600907678875295,233,11883
4/3,0.1,52,70,0.012793414061169062,237,12324
4/3,0.1,53,71,0.012719572531698739,239,12667
4/3,0.1,54,72,0.01243836343866784,242,13068
4/3,0.1,55,74,0.012426673471453516,247,13585
4/3,0.1,56,75,0.011746291473757817,248,13888
4/3,0.1,57,76,0.011707592075579185,250,14250
4/3,0.1,58,78,0.011441316146675798,255,14790
4/3,0.1,59,79,0.0114273202986677,257,15163
4/3,0.1,60,80,0.010850024314570824,259,15540
4/3,0.1,61,82,0.010831813915718557,264,16104
4/3,0.1,62,83,0.010582436888339998,266,16492
4/3,0.1,63,84,0.010566096793394382,268,16884
4/3,0.1,64,86,0.010073203712831205,272,17408
4/3,0.1,65,87,0.010066185899265561,274,17810
4/3,0.1,66,88,0.009834535754193862,276,18216
4/3,0.1,67,90,0.00981588167788435,281,18827
4/3,0.1,68,91,0.009392700913654564,283,19244
4/3,0.1,69,92,0.009391006360891912,285,19665
4/3,0.1,70,94,0.00917714409933518,289,20230
4/3,0.1,71,95,0.009156260332869544,291,20661
4/3,0.1,72,96,0.00879112058102366,293,21096
4/3,0.1,73,98,0.00879108993682883,298,21754
4/3,0.1,74,99,0.008594575485718837,300,22200
4/3,0.1,75,100,0.008571586603435379,302,22650
4/3,0.1,76,102,0.008255125367093776,306,23256
4/3,0.1,77,103,0.008254531686131137,308,23716
4/3,0.1,78,104,0.008074611561673276,310,24180
4/3,0.1,79,106,0.008049670339528395,314,24806
4/3,0.1,80,107,0.0077743092280089885,316,25280
4/3,0.1,81,108,0.007771855783723723,318,25758
4/3,0.1,82,110,0.007607593754120402,322,26404
4/3,0.1,83,111,0.007580871044324725,324,26892
4/3,0.1,84,112,0.007340424029297203,326,27384
4/3,0.1,85,114,0.007335417031494977,330,28050
4/3,0.1,86,115,0.007185783861508332,332,28552
4/3,0.1,87,116,0.007157460413484181,334,29058
4/3,0.1,88,118,0.0069468383196793545,338,29744
4/3,0.1,89,119,0.006938972087584821,340,30260
4/3,0.1,90,120,0.006802906200665764,342,30780
4/3,0.1,91,122,0.00677316625751177,346,31486
4/3,0.1,92,123,0.006588151650086184,348,32016
4/3,0.1,93,124,0.006577366873336915,350,32550
4/3,0.1,94,126,0.006453814498816745,354,33276
4/3,0.1,95,127,0.006422840929769646,356,33820
4/3,0.1,96,128,0.006259915018097244,358,34368
4/3,0.1,97,130,0.006246304969655885,362,35114
4/3,0.1,98,131,0.006134245915114695,364,35672
4/3,0.1,99,132,0.00610221662978918,366,36234
4/3,0.1,100,134,0.005958424977132701,370,37000
4/3,0.1,101,135,0.0059421734413857225,372,37572
4/3,0.1,102,136,0.005840636863186342,374,38148
4/3,0.1,103,138,0.005807722267388812,378,38934
4/3,0.1,104,139,0.005680569718138847,379,39416
4/3,0.1,105,140,0.00566191003518437,381,40005
4/3,0.1,106,142,0.005569983308564913,385,40810
4/3,0.1,107,143,0.005536344588721926,387,41409
4/3,0.1,108,144,0.005423712388490117,389,42012
4/3,0.1,109,146,0.0054029006301818654,393,42837
4/3,0.1,110,147,0.005319733511430965,395,43450
4/3,0.1,111,148,0.005285521566210011,397,44067
4/3,0.1,112,150,0.005185601481805298,401,44912
4/3,0.1,113,151,0.005162899118256877,402,45426
4/3,0.1,114,152,0.005087704744370867,404,46056
4/3,0.1,115,154,0.005053059613090866,408,46920
4/3,0.1,116,155,0.004964301180223089,410,47560
4/3,0.1,117,156,0.004939964129880175,412,48204
4/3,0.1,118,158,0.004872017941314935,416,49088
4/3,0.1,119,159,0.004837068606916295,417,49623
4/3,0.1,120,160,0.004758136594263923,419,50280
4/3,0.1,121,162,0.004732408564808146,423,51183
4/3,0.1,122,163,0.004671045910640946,425,51850
4/3,0.1,123,164,0.00463591037940519,427,52521
4/3,0.1,124,166,0.004565650262518644,430,53320
4/3,0.1,125,167,0.004538758965832867,432,54000
4/3,0.1,126,168,0.004483371919266955,434,54684
4/3,0.1,127,170,0.004448157500013195,438,55626
4/3,0.1,128,171,0.00438556725982137,440,56320
4/3,0.1,129,172,0.004357722538221258,441,56889
4/3,0.1,130,174,0.004307756286421817,445,57850
4/3,0.1,131,175,0.0042725600088216594,447,58557
4/3,0.1,132,176,0.004216766958102955,449,59268
4/3,0.1,133,178,0.004188160165981985,452,60116
4/3,0.1,134,179,0.004143109222209374,454,60836
4/3,0.1,135,180,0.004108018347580569,456,61560
4/3,0.1,136,182,0.004058259980637268,460,62560
4/3,0.1,137,183,0.004029064174417825,462,63294
4/3,0.1,138,184,0.00398846857847172,463,63894
4/3,0.1,139,186,0.003953561167408072,467,64913
4/3,0.1,140,187,0.003909169249024972,469,65660
4/3,0.1,141,188,0.0038795398809725384,471,66411
4/3,0.1,142,190,0.0038429814962467296,474,67308
4/3,0.1,143,191,0.003808327006174175,476,68068
4/3,0.1,144,192,0.0037687142842197825,478,68832
4/3,0.1,145,194,0.0037387901935641925,481,69745
4/3,0.1,146,195,0.0037058891685503802,483,70518
4/3,0.1,147,196,0.003671549061177553,485,71295
4/3,0.1,148,198,0.003636198116304895,488,72224
4/3,0.1,149,199,0.003606102678469124,490,73010
4/3,0.1,150,200,0.0035765141123682348,492,73800
4/3,0.1,151,202,0.0035425424563786693,495,74745
4/3,0.1,152,203,0.0035109963019757224,497,75544
4/3,0.1,153,204,0.0034808386431375562,499,76347
4/3,0.1,154,206,0.003454249475797148,503,77462
4/3,0.1,155,207,0.0034206935343071036,504,78120
4/3,0.1,156,208,0.003392547657319629,506,78936
4/3,0.1,157,210,0.003362423873537833,510,80070
4/3,0.1,158,211,0.003338550006705922,511,80738
4/3,0.1,159,212,0.0033054508022323063,513,81567
4/3,0.1,160,214,0.003280346396054553,516,82560
4/3,0.1,161,215,0.003250340738225304,518,83398
4/3,0.1,162,216,0.003228924386288246,520,84240
4/3,0.1,163,218,0.0031963172384350804,523,85249
4/3,0.1,164,219,0.0031739354267015987,525,86100
4/3,0.1,165,220,0.0031441214277268216,527,86955
4/3,0.1,166,222,0.0031249286903893966,530,87980
4/3,0.1,167,223,0.003092843723330028,532,88844
4/3,0.1,168,224,0.0030729006111191366,534,89712
4/3,0.1,169,226,0.003043342141974005,537,90753
4/3,0.1,170,227,0.0030261607878188323,539,91630
4/3,0.1,171,228,0.002994623406053732,541,92511
4/3,0.1,172,230,0.00297686582497537,544,93568
4/3,0.1,173,231,0.0029476180733194798,546,94458
4/3,0.1,174,232,0.0029322555211883164,547,95178
4/3,0.1,175,234,0.0029012868530974324,551,96425
4/3,0.1,176,235,0.0028854886906903537,553,97328
4/3,0.1,177,236,0.002856599060293682,554,98058
4/3,0.1,178,238,0.002842880544491705,558,99324
4/3,0.1,179,239,0.0028124978539577346,559,100061
4/3,0.1,180,240,0.0027984568770658743,561,100980
4/3,0.1,181,242,0.0027699658093275413,564,102084
4/3,0.1,182,243,0.002757732714425331,566,103012
4/3,0.1,183,244,0.0027279497813437973,568,103944
4/3,0.1,184,246,0.00271548487867985,571,105064
4/3,0.1,185,247,0.002687426599402681,573,106005
4/3,0.1,186,248,0.002676534950658747,575,106950
4/3,0.1,187,250,0.0026473624215234133,578,108086
4/3,0.1,188,251,0.0026363112032322033,580,109040
4/3,0.1,189,252,0.00260871439892841,581,109809
4/3,0.1,190,254,0.00259903349490713,585,111150
4/3,0.1,191,255,0.0025704792049044164,586,111926
4/3,0.1,192,256,0.002560695907209873,588,112896
4/3,0.1,193,258,0.002533584335797874,591,114063
4/3,0.1,194,259,0.002524995510493566,593,115042
4/3,0.1,195,260,0.002497064778688466,595,116025
4/3,0.1,196,262,0.002488418430114376,598,117208
4/3,0.1,197,263,0.002461811471096023,600,118200
4/3,0.1,198,264,0.002454206973709649,601,118998
4/3,0.1,199,266,0.0024269028729822944,605,120395
4/3,0.1,200,267,0.002419275685546289,606,121200
4/3,0.05,17,23,0.04572652776238882,465,7905
4/3,0.05,18,24,0.045718004388366755,480,8640
4/3,0.05,19,26,0.04569350289521865,508,9652
4/3,0.05,20,27,0.04100885809774849,362,7240
4/3,0.05,21,28,0.03615698488318037,300,6300
4/3,0.05,22,30,0.03612835798089797,316,6952
4/3,0.05,23,31,0.036118192159893446,323,7429
4/3,0.05,24,32,0.03255810773953213,295,7080
4/3,0.05,25,34,0.029707732271061615,287,7175
4/3,0.05,26,35,0.029597618618085374,292,7592
4/3,0.05,27,36,0.02959219841770842,298,8046
4/3,0.05,28,38,0.026828206459167024,291,8148
4/3,0.05,29,39,0.02511897524144634,287,8323
4/3,0.05,30,40,0.02493181497603445,291,8730
4/3,0.05,31,42,0.024927817912709815,302,9362
4/3,0.05,32,43,0.02274451910640047,295,9440
4/3,0.05,33,44,0.021708606432186812,294,9702
4/3,0.05,34,46,0.021465408667574966,303,10302
4/3,0.05,35,47,0.021461467355608763,308,10780
4/3,0.05,36,48,0.019711619404056923,303,10908
4/3,0.05,37,50,0.019082106630234373,310,11470
4/3,0.05,38,51,0.018804517600056986,313,11894
4/3,0.05,39,52,0.018799876226498664,317,12363
4/3,0.05,40,54,0.017379679530104834,319,12760
4/3,0.05,41,55,0.01699905176891313,322,13202
4/3,0.05,42,56,0.016704755689146804,325,13650
4/3,0.05,43,58,0.016698876435007507,333,14319
4/3,0.05,44,59,0.015533405202568575,332,14608
4/3,0.05,45,60,0.015306390250974213,335,15075
4/3,0.05,46,62,0.015008451145618624,342,15732
4/3,0.05,47,63,0.015000916317719609,346,16262
4/3,0.05,48,64,0.014035044336255314,345,16560
4/3,0.05,49,66,0.013902945868810336,352,17248
4/3,0.05,50,67,0.013610412731201355,355,17750
4/3,0.05,51,68,0.013600907678875295,359,18309
4/3,0.05,52,70,0.012793414061169062,363,18876
4/3,0.05,53,71,0.012719572531698739,366,19398
4/3,0.05,54,72,0.01243836343866784,369,19926
4/3,0.05,55,74,0.012426673471453516,376,20680
4/3,0.05,56,75,0.011746291473757817,376,21056
4/3,0.05,57,76,0.011707592075579185,380,21660
4/3,0.05,58,78,0.011441316146675798,386,22388
4/3,0.05,59,79,0.0114273202986677,390,23010
4/3,0.05,60,80,0.010850024314570824,390,23400
4/3,0.05,61,82,0.010831813915718557,398,24278
4/3,0.05,62,83,0.010582436888339998,400,24800
4/3,0.05,63,84,0.010566096793394382,403,25389
4/3,0.05,64,86,0.010073203712831205,408,26112
4/3,0.05,65,87,0.010066185899265561,411,26715
4/3,0.05,66,88,0.009834535754193862,414,27324
4/3,0.05,67,90,0.00981588167788435,421,28207
4/3,0.05,68,91,0.009392700913654564,422,28696
4/3,0.05,69,92,0.009391006360891912,425,29325
4/3,0.05,70,94,0.00917714409933518,431,30170
4/3,0.05,71,95,0.009156260332869544,434,30814
4/3,0.05,72,96,0.00879112058102366,436,31392
4/3,0.05,73,98,0.00879108993682883,443,32339
4/3,0.05,74,99,0.008594575485718837,445,32930
4/3,0.05,75,100,0.008571586603435379,448,33600
4/3,0.05,76,102,0.008255125367093776,453,34428
4/3,0.05,77,103,0.008254531686131137,456,35112
4/3,0.05,78,104,0.008074611561673276,459,35802
4/3,0.05,79,106,0.008049670339528395,465,36735
4/3,0.05,80,107,0.0077743092280089885,467,37360
4/3,0.05,81,108,0.007771855783723723,470,38070
4/3,0.05,82,110,0.007607593754120402,475,38950
4/3,0.05,83,111,0.007580871044324725,478,39674
4/3,0.05,84,112,0.007340424029297203,480,40320
4/3,0.05,85,114,0.007335417031494977,487,41395
4/3,0.05,86,115,0.007185783861508332,489,42054
4/3,0.05,87,116,0.007157460413484181,492,42804
4/3,0.05,88,118,0.0069468383196793545,497,43736
4/3,0.05,89,119,0.006938972087584821,500,44500
4/3,0.05,90,120,0.006802906200665764,502,45180
4/3,0.05,91,122,0.00677316625751177,508,46228
4/3,0.05,92,123,0.006588151650086184,510,46920
4/3,0.05,93,124,0.006577366873336915,514,47802
4/3,0.05,94,126,0.006453814498816745,519,48786
4/3,0.05,95,127,0.006422840929769646,522,49590
4/3,0.05,96,128,0.006259915018097244,524,50304
4/3,0.05,97,130,0.006246304969655885,530,51410
4/3,0.05,98,131,0.006134245915114695,532,52136
4/3,0.05,99,132,0.00610221662978918,535,52965
4/3,0.05,100,134,0.005958424977132701,540,54000
4/3,0.05,101,135,0.0059421734413857225,543,54843
4/3,0.05,102,136,0.005840636863186342,545,55590
4/3,0.05,103,138,0.005807722267388812,551,56753
4/3,0.05,104,139,0.005680569718138847,553,57512
4/3,0.05,105,140,0.00566191003518437,556,58380
4/3,0.05,106,142,0.005569983308564913,561,59466
4/3,0.05,107,143,0.005536344588721926,564,60348
4/3,0.05,108,144,0.005423712388490117,566,61128
4/3,0.05,109,146,0.0054029006301818654,572,62348
4/3,0.05,110,147,0.005319733511430965,575,63250
4/3,0.05,111,148,0.005285521566210011,577,64047
4/3,0.05,112,150,0.005185601481805298,582,65184
4/3,0.05,113,151,0.005162899118256877,585,66105
4/3,0.05,114,152,0.005087704744370867,587,66918
4/3,0.05,115,154,0.005053059613090866,593,68195
4/3,0.05,116,155,0.004964301180223089,595,69020
4/3,0.05,117,156,0.004939964129880175,598,69966
4/3,0.05,118,158,0.004872017941314935,603,71154
4/3,0.05,119,159,0.004837068606916295,606,72114
4/3,0.05,120,160,0.004758136594263923,608,72960
4/3,0.05,121,162,0.004732408564808146,614,74294
4/3,0.05,122,163,0.004671045910640946,616,75152
4/3,0.05,123,164,0.00463591037940519,619,76137
4/3,0.05,124,166,0.004565650262518644,624,77376
4/3,0.05,125,167,0.004538758965832867,626,78250
4/3,0.05,126,168,0.004483371919266955,629,79254
4/3,0.05,127,170,0.004448157500013195,634,80518
4/3,0.05,128,171,0.00438556725982137,636,81408
4/3,0.05,129,172,0.004357722538221258,639,82431
4/3,0.05,130,174,0.004307756286421817,644,83720
4/3,0.05,131,175,0.0042725600088216594,647,84757
4/3,0.05,132,176,0.004216766958102955,649,85668
4/3,0.05,133,178,0.004188160165981985,654,86982
4/3,0.05,134,179,0.004143109222209374,657,88038
4/3,0.05,135,180,0.004108018347580569,659,88965
4/3,0.05,136,182,0.004058259980637268,664,90304
4/3,0.05,137,183,0.004029064174417825,667,91379
4/3,0.05,138,184,0.00398846857847172,669,92322
4/3,0.05,139,186,0.003953561167408072,674,93686
4/3,0.05,140,187,0.003909169249024972,677,94780
4/3,0.05,141,188,0.0038795398809725384,679,95739
4/3,0.05,142,190,0.0038429814962467296,684,97128
4/3,0.05,143,191,0.003808327006174175,687,98241
4/3,0.05,144,192,0.0037687142842197825,689,99216
4/3,0.05,145,194,0.0037387901935641925,694,100630
4/3,0.05,146,195,0.0037058891685503802,696,101616
4/3,0.05,147,196,0.003671549061177553,699,102753
4/3,0.05,148,198,0.003636198116304895,704,104192
4/3,0.05,149,199,0.003606102678469124,706,105194
4/3,0.05,150,200,0.0035765141123682348,709,106350
4/3,0.05,151,202,0.0035425424563786693,714,107814
4/3,0.05,152,203,0.0035109963019757224,716,108832
4/3,0.05,153,204,0.0034808386431375562,718,109854
4/3,0.05,154,206,0.003454249475797148,724,111496
4/3,0.05,155,207,0.0034206935343071036,726,112530
4/3,0.05,156,208,0.003392547657319629,728,113568
4/3,0.05,157,210,0.003362423873537833,733,115081
4/3,0.05,158,211,0.003338550006705922,736,116288
4/3,0.05,159,212,0.0033054508022323063,738,117342
4/3,0.05,160,214,0.003280346396054553,743,118880
4/3,0.05,161,215,0.003250340738225304,745,119945
4/3,0.05,162,216,0.003228924386288246,748,121176
4/3,0.05,163,218,0.0031963172384350804,753,122739
4/3,0.05,164,219,0.0031739354267015987,755,123820
4/3,0.05,165,220,0.0031441214277268216,757,124905
4/3,0.05,166,222,0.0031249286903893966,762,126492
4/3,0.05,167,223,0.003092843723330028,765,127755
4/3,0.05,168,224,0.0030729006111191366,767,128856
4/3,0.05,169,226,0.003043342141974005,772,130468
4/3,0.05,170,227,0.0030261607878188323,774,131580
4/3,0.05,171,228,0.002994623406053732,776,132696
4/3,0.05,172,230,0.00297686582497537,781,134332
4/3,0.05,173,231,0.0029476180733194798,784,135632
4/3,0.05,174,232,0.0029322555211883164,786,136764
4/3,0.05,175,234,0.0029012868530974324,791,138425
4/3,0.05,176,235,0.0028854886906903537,793,139568
4/3,0.05,177,236,0.002856599060293682,795,140715
4/3,0.05,178,238,0.002842880544491705,800,142400
4/3,0.05,179,239,0.0028124978539577346,803,143737
4/3,0.05,180,240,0.0027984568770658743,805,144900
4/3,0.05,181,242,0.0027699658093275413,810,146610
4/3,0.05,182,243,0.002757732714425331,812,147784
4/3,0.05,183,244,0.0027279497813437973,814,148962
4/3,0.05,184,246,0.00271548487867985,819,150696
4/3,0.05,185,247,0.002687426599402681,821,151885
4/3,0.05,186,248,0.002676534950658747,824,153264
4/3,0.05,187,250,0.0026473624215234133,828,154836
4/3,0.05,188,251,0.0026363112032322033,831,156228
4/3,0.05,189,252,0.00260871439892841,833,157437
4/3,0.05,190,254,0.00259903349490713,838,159220
4/3,0.05,191,255,0.0025704792049044164,840,160440
4/3,0.05,192,256,0.002560695907209873,842,161664
4/3,0.05,193,258,0.002533584335797874,847,163471
4/3,0.05,194,259,0.002524995510493566,849,164706
4/3,0.05,195,260,0.002497064778688466,852,166140
4/3,0.05,196,262,0.002488418430114376,856,167776
4/3,0.05,197,263,0.002461811471096023,859,169223
4/3,0.05,198,264,0.002454206973709649,861,170478
4/3,0.05,199,266,0.0024269028729822944,866,172334
4/3,0.05,200,267,0.002419275685546289,868,173600
4/3,0.03,25,34,0.029707732271061615,2384,59600
4/3,0.03,26,35,0.029597618618085374,2077,54002
4/3,0.03,27,36,0.02959219841770842,2107,56889
4/3,0.03,28,38,0.026828206459167024,787,22036
4/3,0.03,29,39,0.02511897524144634,647,18763
4/3,0.03,30,40,0.02493181497603445,647,19410
4/3,0.03,31,42,0.024927817912709815,671,20801
4/3,0.03,32,43,0.02274451910640047,571,18272
4/3,0.03,33,44,0.021708606432186812,543,17919
4/3,0.03,34,46,0.021465408667574966,553,18802
4/3,0.03,35,47,0.021461467355608763,562,19670
4/3,0.03,36,48,0.019711619404056923,520,18720
4/3,0.03,37,50,0.019082106630234373,521,19277
4/3,0.03,38,51,0.018804517600056986,522,19836
4/3,0.03,39,52,0.018799876226498664,529,20631
4/3,0.03,40,54,0.017379679530104834,513,20520
4/3,0.03,41,55,0.01699905176891313,512,20992
4/3,0.03,42,56,0.016704755689146804,514,21588
4/3,0.03,43,58,0.016698876435007507,527,22661
4/3,0.03,44,59,0.015533405202568575,512,22528
4/3,0.03,45,60,0.015306390250974213,514,23130
4/3,0.03,46,62,0.015008451145618624,522,24012
4/3,0.03,47,63,0.015000916317719609,528,24816
4/3,0.03,48,64,0.014035044336255314,518,24864
4/3,0.03,49,66,0.013902945868810336,527,25823
4/3,0.03,50,67,0.013610412731201355,529,26450
4/3,0.03,51,68,0.013600907678875295,534,27234
4/3,0.03,52,70,0.012793414061169062,533,27716
4/3,0.03,53,71,0.012719572531698739,537,28461
4/3,0.03,54,72,0.01243836343866784,539,29106
4/3,0.03,55,74,0.012426673471453516,550,30250
4/3,0.03,56,75,0.011746291473757817,545,30520
4/3,0.03,57,76,0.011707592075579185,550,31350
4/3,0.03,58,78,0.011441316146675798,556,32248
4/3,0.03,59,79,0.0114273202986677,561,33099
4/3,0.03,60,80,0.010850024314570824,558,33480
4/3,0.03,61,82,0.010831813915718557,568,34648
4/3,0.03,62,83,0.010582436888339998,570,35340
4/3,0.03,63,84,0.010566096793394382,574,36162
4/3,0.03,64,86,0.010073203712831205,577,36928
4/3,0.03,65,87,0.010066185899265561,582,37830
4/3,0.03,66,88,0.009834535754193862,584,38544
4/3,0.03,67,90,0.00981588167788435,593,39731
4/3,0.03,68,91,0.009392700913654564,592,40256
4/3,0.03,69,92,0.009391006360891912,597,41193
4/3,0.03,70,94,0.00917714409933518,603,42210
4/3,0.03,71,95,0.009156260332869544,608,43168
4/3,0.03,72,96,0.00879112058102366,607,43704
4/3,0.03,73,98,0.00879108993682883,617,45041
4/3,0.03,74,99,0.008594575485718837,618,45732
4/3,0.03,75,100,0.008571586603435379,623,46725
4/3,0.03,76,102,0.008255125367093776,627,47652
4/3,0.03,77,103,0.008254531686131137,632,48664
4/3,0.03,78,104,0.008074611561673276,634,49452
4/3,0.03,79,106,0.008049670339528395,643,50797
4/3,0.03,80,107,0.0077743092280089885,643,51440
4/3,0.03,81,108,0.007771855783723723,647,52407
4/3,0.03,82,110,0.007607593754120402,654,53628
4/3,0.03,83,111,0.007580871044324725,658,54614
4/3,0.03,84,112,0.007340424029297203,659,55356
4/3,0.03,85,114,0.007335417031494977,668,56780
4/3,0.03,86,115,0.007185783861508332,670,57620
4/3,0.03,87,116,0.007157460413484181,674,58638
4/3,0.03,88,118,0.0069468383196793545,679,59752
4/3,0.03,89,119,0.006938972087584821,683,60787
4/3,0.03,90,120,0.006802906200665764,685,61650
4/3,0.03,91,122,0.00677316625751177,694,63154
4/3,0.03,92,123,0.006588151650086184,695,63940
4/3,0.03,93,124,0.006577366873336915,699,65007
4/3,0.03,94,126,0.006453814498816745,706,66364
4/3,0.03,95,127,0.006422840929769646,709,67355
4/3,0.03,96,128,0.006259915018097244,711,68256
4/3,0.03,97,130,0.006246304969655885,719,69743
4/3,0.03,98,131,0.006134245915114695,721,70658
4/3,0.03,99,132,0.00610221662978918,725,71775
4/3,0.03,100,134,0.005958424977132701,731,73100
4/3,0.03,101,135,0.0059421734413857225,735,74235
4/3,0.03,102,136,0.005840636863186342,737,75174
4/3,0.03,103,138,0.005807722267388812,745,76735
4/3,0.03,104,139,0.005680569718138847,747,77688
4/3,0.03,105,140,0.00566191003518437,751,78855
4/3,0.03,106,142,0.005569983308564913,757,80242
4/3,0.03,107,143,0.005536344588721926,760,81320
4/3,0.03,108,144,0.005423712388490117,763,82404
4/3,0.03,109,146,0.0054029006301818654,770,83930
4/3,0.03,110,147,0.005319733511430965,773,85030
4/3,0.03,111,148,0.005285521566210011,776,86136
4/3,0.03,112,150,0.005185601481805298,782,87584
4/3,0.03,113,151,0.005162899118256877,786,88818
4/3,0.03,114,152,0.005087704744370867,789,89946
4/3,0.03,115,154,0.005053059613090866,796,91540
4/3,0.03,116,155,0.004964301180223089,798,92568
4/3,0.03,117,156,0.004939964129880175,802,93834
4/3,0.03,118,158,0.004872017941314935,808,95344
4/3,0.03,119,159,0.004837068606916295,811,96509
4/3,0.03,120,160,0.004758136594263923,814,97680
4/3,0.03,121,162,0.004732408564808146,821,99341
4/3,0.03,122,163,0.004671045910640946,824,100528
4/3,0.03,123,164,0.00463591037940519,827,101721
4/3,0.03,124,166,0.004565650262518644,833,103292
4/3,0.03,125,167,0.004538758965832867,837,104625
4/3,0.03,126,168,0.004483371919266955,839,105714
4/3,0.03,127,170,0.004448157500013195,846,107442
4/3,0.03,128,171,0.00438556725982137,849,108672
4/3,0.03,129,172,0.004357722538221258,852,109908
4/3,0.03,130,174,0.004307756286421817,859,111670
4/3,0.03,131,175,0.0042725600088216594,862,112922
4/3,0.03,132,176,0.004216766958102955,865,114180
4/3,0.03,133,178,0.004188160165981985,871,115843
4/3,0.03,134,179,0.004143109222209374,874,117116
4/3,0.03,135,180,0.004108018347580569,877,118395
4/3,0.03,136,182,0.004058259980637268,884,120224
4/3,0.03,137,183,0.004029064174417825,887,121519
4/3,0.03,138,184,0.00398846857847172,890,122820
4/3,0.03,139,186,0.003953561167408072,896,124544
4/3,0.03,140,187,0.003909169249024972,899,125860
4/3,0.03,141,188,0.0038795398809725384,902,127182
4/3,0.03,142,190,0.0038429814962467296,909,129078
4/3,0.03,143,191,0.003808327006174175,912,130416
4/3,0.03,144,192,0.0037687142842197825,914,131616
4/3,0.03,145,194,0.0037387901935641925,921,133545
4/3,0.03,146,195,0.0037058891685503802,924,134904
4/3,0.03,147,196,0.003671549061177553,927,136269
4/3,0.03,148,198,0.003636198116304895,933,138084
4/3,0.03,149,199,0.003606102678469124,936,139464
4/3,0.03,150,200,0.0035765141123682348,939,140850
4/3,0.03,151,202,0.0035425424563786693,946,142846
4/3,0.03,152,203,0.0035109963019757224,948,144096
4/3,0.03,153,204,0.0034808386431375562,951,145503
4/3,0.03,154,206,0.003454249475797148,958,147532
4/3,0.03,155,207,0.0034206935343071036,961,148955
4/3,0.03,156,208,0.003392547657319629,964,150384
4/3,0.03,157,210,0.003362423873537833,970,152290
4/3,0.03,158,211,0.003338550006705922,973,153734
4/3,0.03,159,212,0.0033054508022323063,976,155184
4/3,0.03,160,214,0.003280346396054553,982,157120
4/3,0.03,161,215,0.003250340738225304,985,158585
4/3,0.03,162,216,0.003228924386288246,988,160056
4/3,0.03,163,218,0.0031963172384350804,994,162022
4/3,0.03,164,219,0.0031739354267015987,997,163508
4/3,0.03,165,220,0.0031441214277268216,1000,165000
4/3,0.03,166,222,0.0031249286903893966,1006,166996
4/3,0.03,167,223,0.003092843723330028,1009,168503
4/3,0.03,168,224,0.0030729006111191366,1012,170016
4/3,0.03,169,226,0.003043342141974005,1018,172042
4/3,0.03,170,227,0.0030261607878188323,1021,173570
4/3,0.03,171,228,0.002994623406053732,1024,175104
4/3,0.03,172,230,0.00297686582497537,1031,177332
4/3,0.03,173,231,0.0029476180733194798,1033,178709
4/3,0.03,174,232,0.0029322555211883164,1036,180264
4/3,0.03,175,234,0.0029012868530974324,1042,182350
4/3,0.03,176,235,0.0028854886906903537,1045,183920
4/3,0.03,177,236,0.002856599060293682,1048,185496
4/3,0.03,178,238,0.002842880544491705,1054,187612
4/3,0.03,179,239,0.0028124978539577346,1057,189203
4/3,0.03,180,240,0.0027984568770658743,1060,190800
4/3,0.03,181,242,0.0027699658093275413,1066,192946
4/3,0.03,182,243,0.002757732714425331,1069,194558
4/3,0.03,183,244,0.0027279497813437973,1072,196176
4/3,0.03,184,246,0.00271548487867985,1078,198352
4/3,0.03,185,247,0.002687426599402681,1081,199985
4/3,0.03,186,248,0.002676534950658747,1084,201624
4/3,0.03,187,250,0.0026473624215234133,1090,203830
4/3,0.03,188,251,0.0026363112032322033,1093,205484
4/3,0.03,189,252,0.00260871439892841,1096,207144
4/3,0.03,190,254,0.00259903349490713,1102,209380
4/3,0.03,191,255,0.0025704792049044164,1105,211055
4/3,0.03,192,256,0.002560695907209873,1108,212736
4/3,0.03,193,258,0.002533584335797874,1113,214809
4/3,0.03,194,259,0.002524995510493566,1116,216504
4/3,0.03,195,260,0.002497064778688466,1119,218205
4/3,0.03,196,262,0.002488418430114376,1125,220500
4/3,0.03,197,263,0.002461811471096023,1128,222216
4/3,0.03,198,264,0.002454206973709649,1131,223938
4/3,0.03,199,266,0.0024269028729822944,1137,226263
4/3,0.03,200,267,0.002419275685546289,1140,228000
4/3,0.01,66,88,0.009834535754193862,6439,424974
4/3,0.01,67,90,0.00981588167788435,6207,415869
4/3,0.01,68,91,0.009392700913654564,3446,234328
4/3,0.01,69,92,0.009391006360891912,3470,239430
4/3,0.01,70,94,0.00917714409933518,3033,212310
4/3,0.01,71,95,0.009156260332869544,3019,214349
4/3,0.01,72,96,0.00879112058102366,2542,183024
4/3,0.01,73,98,0.00879108993682883,2581,188413
4/3,0.01,74,99,0.008594575485718837,2412,178488
4/3,0.01,75,100,0.008571586603435379,2411,180825
4/3,0.01,76,102,0.008255125367093776,2214,168264
4/3,0.01,77,103,0.008254531686131137,2229,171633
4/3,0.01,78,104,0.008074611561673276,2138,166764
4/3,0.01,79,106,0.008049670339528395,2154,170166
4/3,0.01,80,107,0.0077743092280089885,2031,162480
4/3,0.01,81,108,0.007771855783723723,2044,165564
4/3,0.01,82,110,0.007607593754120402,2000,164000
4/3,0.01,83,111,0.007580871044324725,2002,166166
4/3,0.01,84,112,0.007340424029297203,1922,161448
4/3,0.01,85,114,0.007335417031494977,1946,165410
4/3,0.01,86,115,0.007185783861508332,1906,163916
4/3,0.01,87,116,0.007157460413484181,1909,166083
4/3,0.01,88,118,0.0069468383196793545,1865,164120
4/3,0.01,89,119,0.006938972087584821,1874,166786
4/3,0.01,90,120,0.006802906200665764,1846,166140
4/3,0.01,91,122,0.00677316625751177,1860,169260
4/3,0.01,92,123,0.006588151650086184,1820,167440
4/3,0.01,93,124,0.006577366873336915,1828,170004
4/3,0.01,94,126,0.006453814498816745,1817,170798
4/3,0.01,95,127,0.006422840929769646,1820,172900
4/3,0.01,96,128,0.006259915018097244,1790,171840
4/3,0.01,97,130,0.006246304969655885,1808,175376
4/3,0.01,98,131,0.006134245915114695,1792,175616
4/3,0.01,99,132,0.00610221662978918,1794,177606
4/3,0.01,100,134,0.005958424977132701,1782,178200
4/3,0.01,101,135,0.0059421734413857225,1788,180588
4/3,0.01,102,136,0.005840636863186342,1776,181152
4/3,0.01,103,138,0.005807722267388812,1788,184164
4/3,0.01,104,139,0.005680569718138847,1771,184184
4/3,0.01,105,140,0.00566191003518437,1777,186585
4/3,0.01,106,142,0.005569983308564913,1777,188362
4/3,0.01,107,143,0.005536344588721926,1780,190460
4/3,0.01,108,144,0.005423712388490117,1767,190836
4/3,0.01,109,146,0.0054029006301818654,1781,194129
4/3,0.01,110,147,0.005319733511430965,1774,195140
4/3,0.01,111,148,0.005285521566210011,1777,197247
4/3,0.01,112,150,0.005185601481805298,1776,198912
4/3,0.01,113,151,0.005162899118256877,1780,201140
4/3,0.01,114,152,0.005087704744370867,1775,202350
4/3,0.01,115,154,0.005053059613090866,1786,205390
4/3,0.01,116,155,0.004964301180223089,1779,206364
4/3,0.01,117,156,0.004939964129880175,1783,208611
4/3,0.01,118,158,0.004872017941314935,1788,210984
4/3,0.01,119,159,0.004837068606916295,1791,213129
4/3,0.01,120,160,0.004758136594263923,1785,214200
4/3,0.01,121,162,0.004732408564808146,1798,217558
4/3,0.01,122,163,0.004671045910640946,1795,218990
4/3,0.01,123,164,0.00463591037940519,1798,221154
4/3,0.01,124,166,0.004565650262518644,1802,223448
4/3,0.01,125,167,0.004538758965832867,1806,225750
4/3,0.01,126,168,0.004483371919266955,1805,227430
4/3,0.01,127,170,0.004448157500013195,1815,230505
4/3,0.01,128,171,0.00438556725982137,1813,232064
4/3,0.01,129,172,0.004357722538221258,1816,234264
4/3,0.01,130,174,0.004307756286421817,1824,237120
4/3,0.01,131,175,0.0042725600088216594,1826,239206
4/3,0.01,132,176,0.004216766958102955,1825,240900
4/3,0.01,133,178,0.004188160165981985,1836,244188
4/3,0.01,134,179,0.004143109222209374,1836,246024
4/3,0.01,135,180,0.004108018347580569,1838,248130
4/3,0.01,136,182,0.004058259980637268,1846,251056
4/3,0.01,137,183,0.004029064174417825,1849,253313
4/3,0.01,138,184,0.00398846857847172,1850,255300
4/3,0.01,139,186,0.003953561167408072,1860,258540
4/3,0.01,140,187,0.003909169249024972,1860,260400
4/3,0.01,141,188,0.0038795398809725384,1863,262683
4/3,0.01,142,190,0.0038429814962467296,1872,265824
4/3,0.01,143,191,0.003808327006174175,1874,267982
4/3,0.01,144,192,0.0037687142842197825,1876,270144
4/3,0.01,145,194,0.0037387901935641925,1886,273470
4/3,0.01,146,195,0.0037058891685503802,1888,275648
4/3,0.01,147,196,0.003671549061177553,1890,277830
4/3,0.01,148,198,0.003636198116304895,1899,281052
4/3,0.01,149,199,0.003606102678469124,1902,283398
4/3,0.01,150,200,0.0035765141123682348,1904,285600
4/3,0.01,151,202,0.0035425424563786693,1913,288863
4/3,0.01,152,203,0.0035109963019757224,1916,291232
4/3,0.01,153,204,0.0034808386431375562,1918,293454
4/3,0.01,154,206,0.003454249475797148,1928,296912
4/3,0.01,155,207,0.0034206935343071036,1930,299150
4/3,0.01,156,208,0.003392547657319629,1933,301548
4/3,0.01,157,210,0.003362423873537833,1943,305051
4/3,0.01,158,211,0.003338550006705922,1946,307468
4/3,0.01,159,212,0.0033054508022323063,1948,309732
4/3,0.01,160,214,0.003280346396054553,1958,313280
4/3,0.01,161,215,0.003250340738225304,1961,315721
4/3,0.01,162,216,0.003228924386288246,1964,318168
4/3,0.01,163,218,0.0031963172384350804,1973,321599
4/3,0.01,164,219,0.0031739354267015987,1976,324064
4/3,0.01,165,220,0.0031441214277268216,1979,326535
4/3,0.01,166,222,0.0031249286903893966,1989,330174
4/3,0.01,167,223,0.003092843723330028,1992,332664
4/3,0.01,168,224,0.0030729006111191366,1995,335160
4/3,0.01,169,226,0.003043342141974005,2004,338676
4/3,0.01,170,227,0.0030261607878188323,2008,341360
4/3,0.01,171,228,0.002994623406053732,2010,343710
4/3,0.01,172,230,0.00297686582497537,2021,347612
4/3,0.01,173,231,0.0029476180733194798,2023,349979
4/3,0.01,174,232,0.0029322555211883164,2028,352872
4/3,0.01,175,234,0.0029012868530974324,2036,356300
4/3,0.01,176,235,0.0028854886906903537,2040,359040
4/3,0.01,177,236,0.002856599060293682,2043,361611
4/3,0.01,178,238,0.002842880544491705,2054,365612
4/3,0.01,179,239,0.0028124978539577346,2056,368024
4/3,0.01,180,240,0.0027984568770658743,2060,370800
4/3,0.01,181,242,0.0027699658093275413,2069,374489
4/3,0.01,182,243,0.002757732714425331,2073,377286
4/3,0.01,183,244,0.0027279497813437973,2075,379725
4/3,0.01,184,246,0.00271548487867985,2086,383824
4/3,0.01,185,247,0.002687426599402681,2089,386465
4/3,0.01,186,248,0.002676534950658747,2093,389298
4/3,0.01,187,250,0.0026473624215234133,2102,393074
4/3,0.01,188,251,0.0026363112032322033,2106,395928
4/3,0.01,189,252,0.00260871439892841,2109,398601
4/3,0.01,190,254,0.00259903349490713,2120,402800
4/3,0.01,191,255,0.0025704792049044164,2122,405302
4/3,0.01,192,256,0.002560695907209873,2127,408384
4/3,0.01,193,258,0.002533584335797874,2135,412055
4/3,0.01,194,259,0.002524995510493566,2140,415160
4/3,0.01,195,260,0.002497064778688466,2142,417690
4/3,0.01,196,262,0.002488418430114376,2153,421988
4/3,0.01,197,263,0.002461811471096023,2156,424732
4/3,0.01,198,264,0.002454206973709649,2161,427878
4/3,0.01,199,266,0.0024269028729822944,2169,431631
4/3,0.01,200,267,0.002419275685546289,2174,434800
4/3,0.005,116,155,0.004964301180223089,21125,2450500
4/3,0.005,117,156,0.004939964129880175,16368,1915056
4/3,0.005,118,158,0.004872017941314935,11318,1335524
4/3,0.005,119,159,0.004837068606916295,10078,1199282
4/3,0.005,120,160,0.004758136594263923,8310,997200
4/3,0.005,121,162,0.004732408564808146,7974,964854
4/3,0.005,122,163,0.004671045910640946,7225,881450
4/3,0.005,123,164,0.00463591037940519,6899,848577
4/3,0.005,124,166,0.004565650262518644,6374,790376
4/3,0.005,125,167,0.004538758965832867,6213,776625
4/3,0.005,126,168,0.004483371919266955,5897,743022
4/3,0.005,127,170,0.004448157500013195,5756,731012
4/3,0.005,128,171,0.00438556725982137,5479,701312
4/3,0.005,129,172,0.004357722538221258,5382,694278
4/3,0.005,130,174,0.004307756286421817,5229,679770
4/3,0.005,131,175,0.0042725600088216594,5123,671113
4/3,0.005,132,176,0.004216766958102955,4958,654456
4/3,0.005,133,178,0.004188160165981985,4911,653163
4/3,0.005,134,179,0.004143109222209374,4800,643200
4/3,0.005,135,180,0.004108018347580569,4724,637740
4/3,0.005,136,182,0.004058259980637268,4636,630496
4/3,0.005,137,183,0.004029064174417825,4584,628008
4/3,0.005,138,184,0.00398846857847172,4509,622242
4/3,0.005,139,186,0.003953561167408072,4469,621191
4/3,0.005,140,187,0.003909169249024972,4395,615300
4/3,0.005,141,188,0.0038795398809725384,4354,613914
4/3,0.005,142,190,0.0038429814962467296,4318,613156
4/3,0.005,143,191,0.003808327006174175,4272,610896
4/3,0.005,144,192,0.0037687142842197825,4219,607536
4/3,0.005,145,194,0.0037387901935641925,4201,609145
4/3,0.005,146,195,0.0037058891685503802,4163,607798
4/3,0.005,147,196,0.003671549061177553,4124,606228
4/3,0.005,148,198,0.003636198116304895,4102,607096
4/3,0.005,149,199,0.003606102678469124,4072,606728
4/3,0.005,150,200,0.0035765141123682348,4045,606750
4/3,0.005,151,202,0.0035425424563786693,4027,608077
4/3,0.005,152,203,0.0035109963019757224,3999,607848
4/3,0.005,153,204,0.0034808386431375562,3974,608022
4/3,0.005,154,206,0.003454249475797148,3968,611072
4/3,0.005,155,207,0.0034206935343071036,3940,610700
4/3,0.005,156,208,0.003392547657319629,3919,611364
4/3,0.005,157,210,0.003362423873537833,3911,614027
4/3,0.005,158,211,0.003338550006705922,3896,615568
4/3,0.005,159,212,0.0033054508022323063,3872,615648
4/3,0.005,160,214,0.003280346396054553,3870,619200
4/3,0.005,161,215,0.003250340738225304,3850,619850
4/3,0.005,162,216,0.003228924386288246,3840,622080
4/3,0.005,163,218,0.0031963172384350804,3831,624453
4/3,0.005,164,219,0.0031739354267015987,3821,626644
4/3,0.005,165,220,0.0031441214277268216,3803,627495
4/3,0.005,166,222,0.0031249286903893966,3809,632294
4/3,0.005,167,223,0.003092843723330028,3790,632930
4/3,0.005,168,224,0.0030729006111191366,3782,635376
4/3,0.005,169,226,0.003043342141974005,3779,638651
4/3,0.005,170,227,0.0030261607878188323,3775,641750
4/3,0.005,171,228,0.002994623406053732,3757,642447
4/3,0.005,172,230,0.00297686582497537,3765,647580
4/3,0.005,173,231,0.0029476180733194798,3750,648750
4/3,0.005,174,232,0.0029322555211883164,3748,652152
4/3,0.005,175,234,0.0029012868530974324,3744,655200
4/3,0.005,176,235,0.0028854886906903537,3742,658592
4/3,0.005,177,236,0.002856599060293682,3729,660033
4/3,0.005,178,238,0.002842880544491705,3740,665720
4/3,0.005,179,239,0.0028124978539577346,3726,666954
4/3,0.005,180,240,0.0027984568770658743,3725,670500
4/3,0.005,181,242,0.0027699658093275413,3725,674225
4/3,0.005,182,243,0.002757732714425331,3726,678132
4/3,0.005,183,244,0.0027279497813437973,3713,679479
4/3,0.005,184,246,0.00271548487867985,3725,685400
4/3,0.005,185,247,0.002687426599402681,3714,687090
4/3,0.005,186,248,0.002676534950658747,3716,691176
4/3,0.005,187,250,0.0026473624215234133,3715,694705
4/3,0.005,188,251,0.0026363112032322033,3717,698796
4/3,0.005,189,252,0.00260871439892841,3707,700623
4/3,0.005,190,254,0.00259903349490713,3721,706990
4/3,0.005,191,255,0.0025704792049044164,3710,708610
4/3,0.005,192,256,0.002560695907209873,3713,712896
4/3,0.005,193,258,0.002533584335797874,3715,716995
4/3,0.005,194,259,0.002524995510493566,3719,721486
4/3,0.005,195,260,0.002497064778688466,3709,723255
4/3,0.005,196,262,0.002488418430114376,3723,729708
4/3,0.005,197,263,0.002461811471096023,3714,731658
4/3,0.005,198,264,0.002454206973709649,3719,736362
4/3,0.005,199,266,0.0024269028729822944,3720,740280
4/3,0.005,200,267,0.002419275685546289,3725,745000
